categoria,porcentagem
Python,0.013921113689095127
Java,0.22273781902552203
PHP,0.002320185614849188
